{
    "loss": 1.1129615306854248,
    "accuracy": 0.8589743375778198
}